Dags,Konnun,Flokkur,Fylgi
31.05.2004,Capacent,Vinstri grænir,"18,6"
30.06.2004,Capacent,Vinstri grænir,"17,5"
31.07.2004,Capacent,Vinstri grænir,"18,8"
31.08.2004,Capacent,Vinstri grænir,16
30.09.2004,Capacent,Vinstri grænir,"17,1"
31.10.2004,Capacent,Vinstri grænir,"17,7"
30.11.2004,Capacent,Vinstri grænir,"18,4"
31.12.2004,Capacent,Vinstri grænir,"19,3"
31.01.2005,Capacent,Vinstri grænir,"16,1"
28.02.2005,Capacent,Vinstri grænir,"15,8"
31.03.2005,Capacent,Vinstri grænir,"15,4"
30.04.2005,Capacent,Vinstri grænir,"15,5"
31.05.2005,Capacent,Vinstri grænir,"15,2"
30.06.2005,Capacent,Vinstri grænir,"15,9"
31.07.2005,Capacent,Vinstri grænir,"16,1"
31.08.2005,Capacent,Vinstri grænir,19
30.09.2005,Capacent,Vinstri grænir,"14,4"
31.10.2005,Capacent,Vinstri grænir,"16,8"
30.11.2005,Capacent,Vinstri grænir,"17,6"
31.12.2005,Capacent,Vinstri grænir,"17,8"
31.01.2006,Capacent,Vinstri grænir,"17,6"
28.02.2006,Capacent,Vinstri grænir,"15,9"
31.03.2006,Capacent,Vinstri grænir,"16,1"
30.04.2006,Capacent,Vinstri grænir,18
31.05.2006,Capacent,Vinstri grænir,"16,9"
30.06.2006,Capacent,Vinstri grænir,"19,4"
31.07.2006,Capacent,Vinstri grænir,"19,7"
31.08.2006,Capacent,Vinstri grænir,"21,5"
30.09.2006,Capacent,Vinstri grænir,20
31.10.2006,Capacent,Vinstri grænir,"20,1"
30.11.2006,Capacent,Vinstri grænir,"18,5"
31.12.2006,Capacent,Vinstri grænir,"18,7"
31.01.2007,Capacent,Vinstri grænir,"20,8"
28.02.2007,Capacent,Vinstri grænir,"23,5"
31.03.2007,Capacent,Vinstri grænir,"26,3"
30.04.2007,Capacent,Vinstri grænir,"21,3"
31.05.2007,Capacent,Vinstri grænir,15
30.06.2007,Capacent,Vinstri grænir,"15,2"
31.07.2007,Capacent,Vinstri grænir,"13,1"
31.08.2007,Capacent,Vinstri grænir,"15,7"
30.09.2007,Capacent,Vinstri grænir,"15,7"
31.10.2007,Capacent,Vinstri grænir,"15,9"
30.11.2007,Capacent,Vinstri grænir,"16,7"
31.12.2007,Capacent,Vinstri grænir,"15,4"
31.01.2008,Capacent,Vinstri grænir,"15,4"
29.02.2008,Capacent,Vinstri grænir,"15,7"
31.03.2008,Capacent,Vinstri grænir,"16,7"
30.04.2008,Capacent,Vinstri grænir,"21,3"
31.05.2008,Capacent,Vinstri grænir,"21,9"
30.06.2008,Capacent,Vinstri grænir,"20,4"
31.07.2008,Capacent,Vinstri grænir,"21,8"
31.08.2008,Capacent,Vinstri grænir,"19,2"
30.09.2008,Capacent,Vinstri grænir,"20,5"
31.10.2008,Capacent,Vinstri grænir,"27,3"
30.11.2008,Capacent,Vinstri grænir,"32,2"
31.12.2008,Capacent,Vinstri grænir,29
31.01.2009,Capacent,Vinstri grænir,"29,8"
28.02.2009,Capacent,Vinstri grænir,"24,3"
31.03.2009,Capacent,Vinstri grænir,"26,2"
30.04.2009,Capacent,Vinstri grænir,"26,9"
31.05.2009,Capacent,Vinstri grænir,"22,1"
30.06.2009,Capacent,Vinstri grænir,"18,4"
31.07.2009,Capacent,Vinstri grænir,"19,1"
31.08.2009,Capacent,Vinstri grænir,"21,6"
30.09.2009,Capacent,Vinstri grænir,"22,3"
31.10.2009,Capacent,Vinstri grænir,23
30.11.2009,Capacent,Vinstri grænir,"22,6"
31.12.2009,Capacent,Vinstri grænir,"23,4"
31.01.2010,Capacent,Vinstri grænir,"25,1"
28.02.2010,Capacent,Vinstri grænir,"25,5"
31.03.2010,Capacent,Vinstri grænir,"23,6"
30.04.2010,Capacent,Vinstri grænir,"26,1"
31.05.2010,Capacent,Vinstri grænir,27
30.06.2010,Capacent,Vinstri grænir,"21,5"
31.07.2010,Capacent,Vinstri grænir,"19,1"
31.08.2010,Capacent,Vinstri grænir,"20,8"
30.09.2010,Capacent,Vinstri grænir,"20,7"
31.10.2010,Capacent,Vinstri grænir,"18,1"
30.11.2010,Capacent,Vinstri grænir,"17,7"
31.12.2010,Capacent,Vinstri grænir,"17,6"
31.01.2011,Capacent,Vinstri grænir,"19,3"
28.02.2011,Capacent,Vinstri grænir,"17,5"
31.03.2011,Capacent,Vinstri grænir,"16,9"
30.04.2011,Capacent,Vinstri grænir,"15,2"
31.05.2011,Capacent,Vinstri grænir,"15,8"
30.06.2011,Capacent,Vinstri grænir,"16,4"
31.07.2011,Capacent,Vinstri grænir,"16,6"
31.08.2011,Capacent,Vinstri grænir,"14,3"
30.09.2011,Capacent,Vinstri grænir,"14,7"
31.10.2011,Capacent,Vinstri grænir,"14,5"
30.11.2011,Capacent,Vinstri grænir,"13,5"
31.12.2011,Capacent,Vinstri grænir,"13,5"
31.01.2012,Capacent,Vinstri grænir,"13,7"
29.02.2012,Capacent,Vinstri grænir,12
31.03.2012,Capacent,Vinstri grænir,"11,2"
30.04.2012,Capacent,Vinstri grænir,"11,5"
31.05.2012,Capacent,Vinstri grænir,"10,4"
30.06.2012,Capacent,Vinstri grænir,"11,9"
31.07.2012,Capacent,Vinstri grænir,"12,2"
31.08.2012,Capacent,Vinstri grænir,"13,3"
30.09.2012,Capacent,Vinstri grænir,"12,4"
31.10.2012,Capacent,Vinstri grænir,"11,7"
30.11.2012,Capacent,Vinstri grænir,"10,6"
31.12.2012,Capacent,Vinstri grænir,"9,1"
31.01.2013,Capacent,Vinstri grænir,"7,9"
28.02.2013,Capacent,Vinstri grænir,"7,4"
14.03.2013,Capacent,Vinstri grænir,"8,9"
02.04.2013,Capacent,Vinstri grænir,"8,5"
11.04.2013,Capacent,Vinstri grænir,"7,4"
18.04.2013,Capacent,Vinstri grænir,"8,8"
26.04.2013,Capacent,Vinstri grænir,10
31.05.2013,Capacent,Vinstri grænir,"12,9"
30.06.2013,Capacent,Vinstri grænir,"13,2"
31.07.2013,Capacent,Vinstri grænir,"15,6"
31.08.2013,Capacent,Vinstri grænir,"14,6"
30.09.2013,Capacent,Vinstri grænir,"14,8"
31.10.2013,Capacent,Vinstri grænir,"14,4"
30.11.2013,Capacent,Vinstri grænir,"13,5"
31.12.2013,Capacent,Vinstri grænir,"13,3"
31.01.2014,Capacent,Vinstri grænir,"12,7"
31.05.2004,Capacent,Framsóknarflokkur,"13,6"
30.06.2004,Capacent,Framsóknarflokkur,13
31.07.2004,Capacent,Framsóknarflokkur,"12,5"
31.08.2004,Capacent,Framsóknarflokkur,"14,5"
30.09.2004,Capacent,Framsóknarflokkur,"13,1"
31.10.2004,Capacent,Framsóknarflokkur,"12,4"
30.11.2004,Capacent,Framsóknarflokkur,"11,3"
31.12.2004,Capacent,Framsóknarflokkur,"12,1"
31.01.2005,Capacent,Framsóknarflokkur,"12,4"
28.02.2005,Capacent,Framsóknarflokkur,"10,2"
31.03.2005,Capacent,Framsóknarflokkur,"11,5"
30.04.2005,Capacent,Framsóknarflokkur,10
31.05.2005,Capacent,Framsóknarflokkur,"8,5"
30.06.2005,Capacent,Framsóknarflokkur,"8,7"
31.07.2005,Capacent,Framsóknarflokkur,"8,9"
31.08.2005,Capacent,Framsóknarflokkur,"10,5"
30.09.2005,Capacent,Framsóknarflokkur,"9,4"
31.10.2005,Capacent,Framsóknarflokkur,"10,1"
30.11.2005,Capacent,Framsóknarflokkur,"10,7"
31.12.2005,Capacent,Framsóknarflokkur,"10,6"
31.01.2006,Capacent,Framsóknarflokkur,"10,5"
28.02.2006,Capacent,Framsóknarflokkur,"9,5"
31.03.2006,Capacent,Framsóknarflokkur,"8,9"
30.04.2006,Capacent,Framsóknarflokkur,"9,3"
31.05.2006,Capacent,Framsóknarflokkur,"9,8"
30.06.2006,Capacent,Framsóknarflokkur,9
31.07.2006,Capacent,Framsóknarflokkur,"9,6"
31.08.2006,Capacent,Framsóknarflokkur,"9,1"
30.09.2006,Capacent,Framsóknarflokkur,"8,8"
31.10.2006,Capacent,Framsóknarflokkur,"8,3"
30.11.2006,Capacent,Framsóknarflokkur,"8,1"
31.12.2006,Capacent,Framsóknarflokkur,"8,8"
31.01.2007,Capacent,Framsóknarflokkur,"8,8"
28.02.2007,Capacent,Framsóknarflokkur,10
31.03.2007,Capacent,Framsóknarflokkur,"8,1"
30.04.2007,Capacent,Framsóknarflokkur,"8,9"
31.05.2007,Capacent,Framsóknarflokkur,"9,7"
30.06.2007,Capacent,Framsóknarflokkur,9
31.07.2007,Capacent,Framsóknarflokkur,8
31.08.2007,Capacent,Framsóknarflokkur,"8,8"
30.09.2007,Capacent,Framsóknarflokkur,"8,6"
31.10.2007,Capacent,Framsóknarflokkur,"9,5"
30.11.2007,Capacent,Framsóknarflokkur,"8,3"
31.12.2007,Capacent,Framsóknarflokkur,"8,7"
31.01.2008,Capacent,Framsóknarflokkur,"7,6"
29.02.2008,Capacent,Framsóknarflokkur,7
31.03.2008,Capacent,Framsóknarflokkur,8
30.04.2008,Capacent,Framsóknarflokkur,"9,5"
31.05.2008,Capacent,Framsóknarflokkur,"8,1"
30.06.2008,Capacent,Framsóknarflokkur,"9,1"
31.07.2008,Capacent,Framsóknarflokkur,"9,5"
31.08.2008,Capacent,Framsóknarflokkur,"9,7"
30.09.2008,Capacent,Framsóknarflokkur,"9,9"
31.10.2008,Capacent,Framsóknarflokkur,"10,4"
30.11.2008,Capacent,Framsóknarflokkur,"7,6"
31.12.2008,Capacent,Framsóknarflokkur,"7,6"
31.01.2009,Capacent,Framsóknarflokkur,"15,2"
28.02.2009,Capacent,Framsóknarflokkur,"14,1"
31.03.2009,Capacent,Framsóknarflokkur,"11,8"
30.04.2009,Capacent,Framsóknarflokkur,"10,4"
31.05.2009,Capacent,Framsóknarflokkur,"14,5"
30.06.2009,Capacent,Framsóknarflokkur,"17,2"
31.07.2009,Capacent,Framsóknarflokkur,"17,4"
31.08.2009,Capacent,Framsóknarflokkur,"14,8"
30.09.2009,Capacent,Framsóknarflokkur,"17,8"
31.10.2009,Capacent,Framsóknarflokkur,"16,4"
30.11.2009,Capacent,Framsóknarflokkur,"15,7"
31.12.2009,Capacent,Framsóknarflokkur,"14,5"
31.01.2010,Capacent,Framsóknarflokkur,"12,7"
28.02.2010,Capacent,Framsóknarflokkur,"14,4"
31.03.2010,Capacent,Framsóknarflokkur,"14,2"
30.04.2010,Capacent,Framsóknarflokkur,"13,8"
31.05.2010,Capacent,Framsóknarflokkur,"13,8"
30.06.2010,Capacent,Framsóknarflokkur,"12,2"
31.07.2010,Capacent,Framsóknarflokkur,"12,4"
31.08.2010,Capacent,Framsóknarflokkur,12
30.09.2010,Capacent,Framsóknarflokkur,"11,8"
31.10.2010,Capacent,Framsóknarflokkur,12
30.11.2010,Capacent,Framsóknarflokkur,"12,9"
31.12.2010,Capacent,Framsóknarflokkur,"13,5"
31.01.2011,Capacent,Framsóknarflokkur,"13,4"
28.02.2011,Capacent,Framsóknarflokkur,"13,6"
31.03.2011,Capacent,Framsóknarflokkur,"13,6"
30.04.2011,Capacent,Framsóknarflokkur,"15,7"
31.05.2011,Capacent,Framsóknarflokkur,"16,3"
30.06.2011,Capacent,Framsóknarflokkur,"17,6"
31.07.2011,Capacent,Framsóknarflokkur,"16,2"
31.08.2011,Capacent,Framsóknarflokkur,"16,8"
30.09.2011,Capacent,Framsóknarflokkur,"15,5"
31.10.2011,Capacent,Framsóknarflokkur,"15,5"
30.11.2011,Capacent,Framsóknarflokkur,"14,6"
31.12.2011,Capacent,Framsóknarflokkur,"14,4"
31.01.2012,Capacent,Framsóknarflokkur,"15,4"
29.02.2012,Capacent,Framsóknarflokkur,13
31.03.2012,Capacent,Framsóknarflokkur,13
30.04.2012,Capacent,Framsóknarflokkur,"12,5"
31.05.2012,Capacent,Framsóknarflokkur,"12,9"
30.06.2012,Capacent,Framsóknarflokkur,"12,7"
31.07.2012,Capacent,Framsóknarflokkur,"12,4"
31.08.2012,Capacent,Framsóknarflokkur,"13,8"
30.09.2012,Capacent,Framsóknarflokkur,"14,2"
31.10.2012,Capacent,Framsóknarflokkur,"12,1"
30.11.2012,Capacent,Framsóknarflokkur,"12,7"
31.12.2012,Capacent,Framsóknarflokkur,"13,1"
31.01.2013,Capacent,Framsóknarflokkur,"14,2"
28.02.2013,Capacent,Framsóknarflokkur,"22,1"
14.03.2013,Capacent,Framsóknarflokkur,"25,5"
02.04.2013,Capacent,Framsóknarflokkur,"28,3"
11.04.2013,Capacent,Framsóknarflokkur,"29,6"
18.04.2013,Capacent,Framsóknarflokkur,"26,7"
26.04.2013,Capacent,Framsóknarflokkur,"24,7"
31.05.2013,Capacent,Framsóknarflokkur,"21,4"
30.06.2013,Capacent,Framsóknarflokkur,"19,9"
31.07.2013,Capacent,Framsóknarflokkur,"17,8"
31.08.2013,Capacent,Framsóknarflokkur,"16,3"
30.09.2013,Capacent,Framsóknarflokkur,"17,6"
31.10.2013,Capacent,Framsóknarflokkur,"14,4"
30.11.2013,Capacent,Framsóknarflokkur,"14,7"
31.12.2013,Capacent,Framsóknarflokkur,"16,4"
31.01.2014,Capacent,Framsóknarflokkur,"18,3"
31.05.2004,Capacent,Samfylkingin,"32,9"
30.06.2004,Capacent,Samfylkingin,"33,6"
31.07.2004,Capacent,Samfylkingin,"32,3"
31.08.2004,Capacent,Samfylkingin,"31,9"
30.09.2004,Capacent,Samfylkingin,"30,2"
31.10.2004,Capacent,Samfylkingin,"31,6"
30.11.2004,Capacent,Samfylkingin,"31,2"
31.12.2004,Capacent,Samfylkingin,"30,2"
31.01.2005,Capacent,Samfylkingin,34
28.02.2005,Capacent,Samfylkingin,"32,5"
31.03.2005,Capacent,Samfylkingin,"28,7"
30.04.2005,Capacent,Samfylkingin,"31,6"
31.05.2005,Capacent,Samfylkingin,"33,9"
30.06.2005,Capacent,Samfylkingin,"33,3"
31.07.2005,Capacent,Samfylkingin,"32,2"
31.08.2005,Capacent,Samfylkingin,"29,6"
30.09.2005,Capacent,Samfylkingin,"28,7"
31.10.2005,Capacent,Samfylkingin,"27,8"
30.11.2005,Capacent,Samfylkingin,"25,5"
31.12.2005,Capacent,Samfylkingin,"27,4"
31.01.2006,Capacent,Samfylkingin,27
28.02.2006,Capacent,Samfylkingin,"29,3"
31.03.2006,Capacent,Samfylkingin,"31,4"
30.04.2006,Capacent,Samfylkingin,"29,8"
31.05.2006,Capacent,Samfylkingin,"29,2"
30.06.2006,Capacent,Samfylkingin,25
31.07.2006,Capacent,Samfylkingin,"24,6"
31.08.2006,Capacent,Samfylkingin,"25,2"
30.09.2006,Capacent,Samfylkingin,"26,6"
31.10.2006,Capacent,Samfylkingin,"25,1"
30.11.2006,Capacent,Samfylkingin,"24,7"
31.12.2006,Capacent,Samfylkingin,"23,9"
31.01.2007,Capacent,Samfylkingin,"22,2"
28.02.2007,Capacent,Samfylkingin,"22,5"
31.03.2007,Capacent,Samfylkingin,"20,5"
30.04.2007,Capacent,Samfylkingin,"20,8"
31.05.2007,Capacent,Samfylkingin,"26,5"
30.06.2007,Capacent,Samfylkingin,"28,5"
31.07.2007,Capacent,Samfylkingin,"27,5"
31.08.2007,Capacent,Samfylkingin,"28,8"
30.09.2007,Capacent,Samfylkingin,"27,2"
31.10.2007,Capacent,Samfylkingin,"27,9"
30.11.2007,Capacent,Samfylkingin,"31,2"
31.12.2007,Capacent,Samfylkingin,"30,3"
31.01.2008,Capacent,Samfylkingin,31
29.02.2008,Capacent,Samfylkingin,"34,7"
31.03.2008,Capacent,Samfylkingin,"32,5"
30.04.2008,Capacent,Samfylkingin,"25,8"
31.05.2008,Capacent,Samfylkingin,"30,6"
30.06.2008,Capacent,Samfylkingin,"29,8"
31.07.2008,Capacent,Samfylkingin,"29,4"
31.08.2008,Capacent,Samfylkingin,"33,4"
30.09.2008,Capacent,Samfylkingin,"32,5"
31.10.2008,Capacent,Samfylkingin,"31,3"
30.11.2008,Capacent,Samfylkingin,"31,4"
31.12.2008,Capacent,Samfylkingin,"28,1"
31.01.2009,Capacent,Samfylkingin,"21,7"
28.02.2009,Capacent,Samfylkingin,"29,1"
31.03.2009,Capacent,Samfylkingin,"29,3"
30.04.2009,Capacent,Samfylkingin,"31,9"
31.05.2009,Capacent,Samfylkingin,"28,4"
30.06.2009,Capacent,Samfylkingin,"24,8"
31.07.2009,Capacent,Samfylkingin,"25,1"
31.08.2009,Capacent,Samfylkingin,"27,2"
30.09.2009,Capacent,Samfylkingin,"26,5"
31.10.2009,Capacent,Samfylkingin,"25,3"
30.11.2009,Capacent,Samfylkingin,"26,4"
31.12.2009,Capacent,Samfylkingin,"24,1"
31.01.2010,Capacent,Samfylkingin,25
28.02.2010,Capacent,Samfylkingin,23
31.03.2010,Capacent,Samfylkingin,"23,7"
30.04.2010,Capacent,Samfylkingin,"22,4"
31.05.2010,Capacent,Samfylkingin,"22,1"
30.06.2010,Capacent,Samfylkingin,"22,9"
31.07.2010,Capacent,Samfylkingin,"24,1"
31.08.2010,Capacent,Samfylkingin,"24,6"
30.09.2010,Capacent,Samfylkingin,"23,1"
31.10.2010,Capacent,Samfylkingin,"17,5"
30.11.2010,Capacent,Samfylkingin,"21,6"
31.12.2010,Capacent,Samfylkingin,"23,6"
31.01.2011,Capacent,Samfylkingin,"22,1"
28.02.2011,Capacent,Samfylkingin,"23,2"
31.03.2011,Capacent,Samfylkingin,"22,4"
30.04.2011,Capacent,Samfylkingin,"21,3"
31.05.2011,Capacent,Samfylkingin,"22,8"
30.06.2011,Capacent,Samfylkingin,"21,5"
31.07.2011,Capacent,Samfylkingin,"22,6"
31.08.2011,Capacent,Samfylkingin,"21,9"
30.09.2011,Capacent,Samfylkingin,"21,7"
31.10.2011,Capacent,Samfylkingin,"21,3"
30.11.2011,Capacent,Samfylkingin,"21,8"
31.12.2011,Capacent,Samfylkingin,21
31.01.2012,Capacent,Samfylkingin,"21,8"
29.02.2012,Capacent,Samfylkingin,"18,7"
31.03.2012,Capacent,Samfylkingin,"17,5"
30.04.2012,Capacent,Samfylkingin,"18,7"
31.05.2012,Capacent,Samfylkingin,"17,7"
30.06.2012,Capacent,Samfylkingin,"18,8"
31.07.2012,Capacent,Samfylkingin,21
31.08.2012,Capacent,Samfylkingin,"20,7"
30.09.2012,Capacent,Samfylkingin,"19,4"
31.10.2012,Capacent,Samfylkingin,"22,1"
30.11.2012,Capacent,Samfylkingin,"22,5"
31.12.2012,Capacent,Samfylkingin,"19,1"
31.01.2013,Capacent,Samfylkingin,"15,6"
28.02.2013,Capacent,Samfylkingin,"15,4"
14.03.2013,Capacent,Samfylkingin,14
02.04.2013,Capacent,Samfylkingin,15
11.04.2013,Capacent,Samfylkingin,"11,8"
18.04.2013,Capacent,Samfylkingin,"15,2"
26.04.2013,Capacent,Samfylkingin,"14,6"
31.05.2013,Capacent,Samfylkingin,"15,5"
30.06.2013,Capacent,Samfylkingin,"15,3"
31.07.2013,Capacent,Samfylkingin,14
31.08.2013,Capacent,Samfylkingin,17
30.09.2013,Capacent,Samfylkingin,"15,8"
31.10.2013,Capacent,Samfylkingin,"18,1"
30.11.2013,Capacent,Samfylkingin,"16,6"
31.12.2013,Capacent,Samfylkingin,"15,1"
31.01.2014,Capacent,Samfylkingin,"14,9"
31.05.2004,Capacent,Sjálfstæðisflokkur,"29,2"
30.06.2004,Capacent,Sjálfstæðisflokkur,"31,1"
31.07.2004,Capacent,Sjálfstæðisflokkur,"30,9"
31.08.2004,Capacent,Sjálfstæðisflokkur,"33,2"
30.09.2004,Capacent,Sjálfstæðisflokkur,"35,5"
31.10.2004,Capacent,Sjálfstæðisflokkur,"34,2"
30.11.2004,Capacent,Sjálfstæðisflokkur,"34,8"
31.12.2004,Capacent,Sjálfstæðisflokkur,"34,6"
31.01.2005,Capacent,Sjálfstæðisflokkur,"33,3"
28.02.2005,Capacent,Sjálfstæðisflokkur,"37,4"
31.03.2005,Capacent,Sjálfstæðisflokkur,38
30.04.2005,Capacent,Sjálfstæðisflokkur,"36,7"
31.05.2005,Capacent,Sjálfstæðisflokkur,"37,6"
30.06.2005,Capacent,Sjálfstæðisflokkur,"37,8"
31.07.2005,Capacent,Sjálfstæðisflokkur,"37,9"
31.08.2005,Capacent,Sjálfstæðisflokkur,"36,4"
30.09.2005,Capacent,Sjálfstæðisflokkur,"44,1"
31.10.2005,Capacent,Sjálfstæðisflokkur,"41,5"
30.11.2005,Capacent,Sjálfstæðisflokkur,"42,7"
31.12.2005,Capacent,Sjálfstæðisflokkur,"41,6"
31.01.2006,Capacent,Sjálfstæðisflokkur,"42,6"
28.02.2006,Capacent,Sjálfstæðisflokkur,"41,7"
31.03.2006,Capacent,Sjálfstæðisflokkur,"40,2"
30.04.2006,Capacent,Sjálfstæðisflokkur,"39,4"
31.05.2006,Capacent,Sjálfstæðisflokkur,"39,6"
30.06.2006,Capacent,Sjálfstæðisflokkur,"42,6"
31.07.2006,Capacent,Sjálfstæðisflokkur,"42,6"
31.08.2006,Capacent,Sjálfstæðisflokkur,"40,8"
30.09.2006,Capacent,Sjálfstæðisflokkur,"41,2"
31.10.2006,Capacent,Sjálfstæðisflokkur,"42,9"
30.11.2006,Capacent,Sjálfstæðisflokkur,"37,5"
31.12.2006,Capacent,Sjálfstæðisflokkur,"37,8"
31.01.2007,Capacent,Sjálfstæðisflokkur,"37,3"
28.02.2007,Capacent,Sjálfstæðisflokkur,"36,3"
31.03.2007,Capacent,Sjálfstæðisflokkur,37
30.04.2007,Capacent,Sjálfstæðisflokkur,"39,6"
31.05.2007,Capacent,Sjálfstæðisflokkur,41
30.06.2007,Capacent,Sjálfstæðisflokkur,"40,6"
31.07.2007,Capacent,Sjálfstæðisflokkur,"45,1"
31.08.2007,Capacent,Sjálfstæðisflokkur,"41,7"
30.09.2007,Capacent,Sjálfstæðisflokkur,"42,4"
31.10.2007,Capacent,Sjálfstæðisflokkur,"41,1"
30.11.2007,Capacent,Sjálfstæðisflokkur,"39,1"
31.12.2007,Capacent,Sjálfstæðisflokkur,"40,3"
31.01.2008,Capacent,Sjálfstæðisflokkur,"41,2"
29.02.2008,Capacent,Sjálfstæðisflokkur,38
31.03.2008,Capacent,Sjálfstæðisflokkur,"37,2"
30.04.2008,Capacent,Sjálfstæðisflokkur,"37,1"
31.05.2008,Capacent,Sjálfstæðisflokkur,"33,4"
30.06.2008,Capacent,Sjálfstæðisflokkur,"33,4"
31.07.2008,Capacent,Sjálfstæðisflokkur,"31,9"
31.08.2008,Capacent,Sjálfstæðisflokkur,"32,1"
30.09.2008,Capacent,Sjálfstæðisflokkur,"31,1"
31.10.2008,Capacent,Sjálfstæðisflokkur,"26,2"
30.11.2008,Capacent,Sjálfstæðisflokkur,"20,6"
31.12.2008,Capacent,Sjálfstæðisflokkur,25
31.01.2009,Capacent,Sjálfstæðisflokkur,"24,4"
28.02.2009,Capacent,Sjálfstæðisflokkur,26
31.03.2009,Capacent,Sjálfstæðisflokkur,"26,6"
30.04.2009,Capacent,Sjálfstæðisflokkur,"24,7"
31.05.2009,Capacent,Sjálfstæðisflokkur,"25,1"
30.06.2009,Capacent,Sjálfstæðisflokkur,28
31.07.2009,Capacent,Sjálfstæðisflokkur,"28,9"
31.08.2009,Capacent,Sjálfstæðisflokkur,"28,8"
30.09.2009,Capacent,Sjálfstæðisflokkur,"29,1"
31.10.2009,Capacent,Sjálfstæðisflokkur,"32,7"
30.11.2009,Capacent,Sjálfstæðisflokkur,"31,7"
31.12.2009,Capacent,Sjálfstæðisflokkur,"33,2"
31.01.2010,Capacent,Sjálfstæðisflokkur,"33,2"
28.02.2010,Capacent,Sjálfstæðisflokkur,"32,2"
31.03.2010,Capacent,Sjálfstæðisflokkur,"33,2"
30.04.2010,Capacent,Sjálfstæðisflokkur,30
31.05.2010,Capacent,Sjálfstæðisflokkur,"30,2"
30.06.2010,Capacent,Sjálfstæðisflokkur,"33,1"
31.07.2010,Capacent,Sjálfstæðisflokkur,35
31.08.2010,Capacent,Sjálfstæðisflokkur,"34,6"
30.09.2010,Capacent,Sjálfstæðisflokkur,"35,4"
31.10.2010,Capacent,Sjálfstæðisflokkur,"35,5"
30.11.2010,Capacent,Sjálfstæðisflokkur,"33,9"
31.12.2010,Capacent,Sjálfstæðisflokkur,"33,8"
31.01.2011,Capacent,Sjálfstæðisflokkur,"34,3"
28.02.2011,Capacent,Sjálfstæðisflokkur,"35,5"
31.03.2011,Capacent,Sjálfstæðisflokkur,"35,8"
30.04.2011,Capacent,Sjálfstæðisflokkur,"35,7"
31.05.2011,Capacent,Sjálfstæðisflokkur,35
30.06.2011,Capacent,Sjálfstæðisflokkur,"35,5"
31.07.2011,Capacent,Sjálfstæðisflokkur,"35,9"
31.08.2011,Capacent,Sjálfstæðisflokkur,"35,6"
30.09.2011,Capacent,Sjálfstæðisflokkur,"36,1"
31.10.2011,Capacent,Sjálfstæðisflokkur,"35,9"
30.11.2011,Capacent,Sjálfstæðisflokkur,38
31.12.2011,Capacent,Sjálfstæðisflokkur,"38,4"
31.01.2012,Capacent,Sjálfstæðisflokkur,"36,1"
29.02.2012,Capacent,Sjálfstæðisflokkur,"33,3"
31.03.2012,Capacent,Sjálfstæðisflokkur,"38,2"
30.04.2012,Capacent,Sjálfstæðisflokkur,37
31.05.2012,Capacent,Sjálfstæðisflokkur,"39,3"
30.06.2012,Capacent,Sjálfstæðisflokkur,"38,2"
31.07.2012,Capacent,Sjálfstæðisflokkur,"36,9"
31.08.2012,Capacent,Sjálfstæðisflokkur,36
30.09.2012,Capacent,Sjálfstæðisflokkur,"37,1"
31.10.2012,Capacent,Sjálfstæðisflokkur,"36,2"
30.11.2012,Capacent,Sjálfstæðisflokkur,"35,9"
31.12.2012,Capacent,Sjálfstæðisflokkur,"36,3"
31.01.2013,Capacent,Sjálfstæðisflokkur,"35,5"
28.02.2013,Capacent,Sjálfstæðisflokkur,"29,7"
14.03.2013,Capacent,Sjálfstæðisflokkur,"26,8"
02.04.2013,Capacent,Sjálfstæðisflokkur,"22,4"
11.04.2013,Capacent,Sjálfstæðisflokkur,"22,2"
18.04.2013,Capacent,Sjálfstæðisflokkur,"24,1"
26.04.2013,Capacent,Sjálfstæðisflokkur,"27,9"
31.05.2013,Capacent,Sjálfstæðisflokkur,26
30.06.2013,Capacent,Sjálfstæðisflokkur,"27,1"
31.07.2013,Capacent,Sjálfstæðisflokkur,"26,4"
31.08.2013,Capacent,Sjálfstæðisflokkur,"27,9"
30.09.2013,Capacent,Sjálfstæðisflokkur,"26,8"
31.10.2013,Capacent,Sjálfstæðisflokkur,"26,5"
30.11.2013,Capacent,Sjálfstæðisflokkur,"26,8"
31.12.2013,Capacent,Sjálfstæðisflokkur,"25,3"
31.01.2014,Capacent,Sjálfstæðisflokkur,"26,9"
31.05.2004,Capacent,Frjálslyndir,"5,5"
30.06.2004,Capacent,Frjálslyndir,"4,8"
31.07.2004,Capacent,Frjálslyndir,"5,3"
31.08.2004,Capacent,Frjálslyndir,"4,4"
30.09.2004,Capacent,Frjálslyndir,"4,1"
31.10.2004,Capacent,Frjálslyndir,"4,1"
30.11.2004,Capacent,Frjálslyndir,"4,1"
31.12.2004,Capacent,Frjálslyndir,"3,6"
31.01.2005,Capacent,Frjálslyndir,"4,1"
28.02.2005,Capacent,Frjálslyndir,"4,1"
31.03.2005,Capacent,Frjálslyndir,6
30.04.2005,Capacent,Frjálslyndir,"6,1"
31.05.2005,Capacent,Frjálslyndir,"4,6"
30.06.2005,Capacent,Frjálslyndir,"3,9"
31.07.2005,Capacent,Frjálslyndir,"4,7"
31.08.2005,Capacent,Frjálslyndir,"4,3"
30.09.2005,Capacent,Frjálslyndir,"3,5"
31.10.2005,Capacent,Frjálslyndir,"3,8"
30.11.2005,Capacent,Frjálslyndir,"3,5"
31.12.2005,Capacent,Frjálslyndir,"2,3"
31.01.2006,Capacent,Frjálslyndir,"2,1"
28.02.2006,Capacent,Frjálslyndir,"3,1"
31.03.2006,Capacent,Frjálslyndir,3
30.04.2006,Capacent,Frjálslyndir,"3,2"
31.05.2006,Capacent,Frjálslyndir,"3,9"
30.06.2006,Capacent,Frjálslyndir,"3,9"
31.07.2006,Capacent,Frjálslyndir,"3,6"
31.08.2006,Capacent,Frjálslyndir,"2,9"
30.09.2006,Capacent,Frjálslyndir,"3,2"
31.10.2006,Capacent,Frjálslyndir,"3,5"
30.11.2006,Capacent,Frjálslyndir,11
31.12.2006,Capacent,Frjálslyndir,"10,7"
31.01.2007,Capacent,Frjálslyndir,"8,8"
28.02.2007,Capacent,Frjálslyndir,"6,9"
31.03.2007,Capacent,Frjálslyndir,"5,8"
30.04.2007,Capacent,Frjálslyndir,"5,3"
31.05.2007,Capacent,Frjálslyndir,"5,4"
30.06.2007,Capacent,Frjálslyndir,"5,1"
31.07.2007,Capacent,Frjálslyndir,"4,6"
31.08.2007,Capacent,Frjálslyndir,4
30.09.2007,Capacent,Frjálslyndir,"5,1"
31.10.2007,Capacent,Frjálslyndir,"4,5"
30.11.2007,Capacent,Frjálslyndir,"3,8"
31.12.2007,Capacent,Frjálslyndir,"4,4"
31.01.2008,Capacent,Frjálslyndir,"4,3"
29.02.2008,Capacent,Frjálslyndir,"4,2"
31.03.2008,Capacent,Frjálslyndir,"5,1"
30.04.2008,Capacent,Frjálslyndir,"5,9"
31.05.2008,Capacent,Frjálslyndir,"5,3"
30.06.2008,Capacent,Frjálslyndir,"4,5"
31.07.2008,Capacent,Frjálslyndir,"5,2"
31.08.2008,Capacent,Frjálslyndir,"3,6"
30.09.2008,Capacent,Frjálslyndir,"4,3"
31.10.2008,Capacent,Frjálslyndir,"3,3"
30.11.2008,Capacent,Frjálslyndir,"3,1"
31.12.2008,Capacent,Frjálslyndir,"3,9"
31.01.2009,Capacent,Frjálslyndir,"2,5"
28.02.2009,Capacent,Frjálslyndir,"2,6"
31.03.2009,Capacent,Frjálslyndir,"1,5"
30.04.2009,Capacent,Frjálslyndir,"1,5"
31.05.2009,Capacent,Frjálslyndir,"1,3"
30.06.2009,Capacent,Frjálslyndir,"1,7"
31.07.2009,Capacent,Frjálslyndir,"1,1"
31.08.2009,Capacent,Frjálslyndir,"1,5"
30.09.2009,Capacent,Frjálslyndir,"1,4"
31.10.2009,Capacent,Frjálslyndir,"1,3"
30.11.2009,Capacent,Frjálslyndir,"0,9"
31.12.2009,Capacent,Frjálslyndir,"0,9"
31.01.2010,Capacent,Frjálslyndir,"0,9"
28.02.2010,Capacent,Frjálslyndir,"1,4"
31.03.2010,Capacent,Frjálslyndir,"1,2"
30.04.2010,Capacent,Frjálslyndir,"1,7"
31.05.2010,Capacent,Frjálslyndir,"1,8"
30.06.2010,Capacent,Frjálslyndir,"1,2"
31.07.2010,Capacent,Frjálslyndir,"1,1"
31.08.2010,Capacent,Frjálslyndir,1
30.09.2010,Capacent,Frjálslyndir,1
31.10.2010,Capacent,Frjálslyndir,"1,2"
30.11.2010,Capacent,Frjálslyndir,"0,8"
31.12.2010,Capacent,Frjálslyndir,"0,9"
31.01.2011,Capacent,Frjálslyndir,"0,6"
28.02.2011,Capacent,Frjálslyndir,"1,1"
31.03.2011,Capacent,Frjálslyndir,"1,5"
30.04.2011,Capacent,Frjálslyndir,"1,4"
31.05.2011,Capacent,Frjálslyndir,"1,5"
30.06.2011,Capacent,Frjálslyndir,1
31.07.2011,Capacent,Frjálslyndir,"1,8"
31.08.2011,Capacent,Frjálslyndir,"1,3"
30.09.2011,Capacent,Frjálslyndir,"1,2"
31.10.2011,Capacent,Frjálslyndir,"1,1"
30.11.2011,Capacent,Frjálslyndir,"1,3"
31.12.2011,Capacent,Frjálslyndir,"1,5"
31.01.2012,Capacent,Frjálslyndir,"1,4"
29.02.2012,Capacent,Frjálslyndir,"1,5"
31.03.2012,Capacent,Frjálslyndir,"0,8"
30.04.2012,Capacent,Frjálslyndir,"0,7"
31.05.2012,Capacent,Frjálslyndir,"0,7"
30.06.2012,Capacent,Frjálslyndir,"0,4"
31.07.2012,Capacent,Frjálslyndir,"0,8"
31.08.2012,Capacent,Frjálslyndir,"0,7"
30.09.2012,Capacent,Frjálslyndir,"0,8"
31.10.2012,Capacent,Frjálslyndir,"0,6"
30.11.2012,Capacent,Frjálslyndir,"0,6"
31.12.2012,Capacent,Frjálslyndir,
31.01.2013,Capacent,Frjálslyndir,
28.02.2013,Capacent,Frjálslyndir,
14.03.2013,Capacent,Frjálslyndir,
02.04.2013,Capacent,Frjálslyndir,
11.04.2013,Capacent,Frjálslyndir,
18.04.2013,Capacent,Frjálslyndir,
26.04.2013,Capacent,Frjálslyndir,
31.05.2013,Capacent,Frjálslyndir,
30.06.2013,Capacent,Frjálslyndir,
31.07.2013,Capacent,Frjálslyndir,
31.08.2013,Capacent,Frjálslyndir,
30.09.2013,Capacent,Frjálslyndir,
31.10.2013,Capacent,Frjálslyndir,
30.11.2013,Capacent,Frjálslyndir,
31.12.2013,Capacent,Frjálslyndir,
31.01.2014,Capacent,Frjálslyndir,
31.05.2004,Capacent,Borgarahreyfingin,0
30.06.2004,Capacent,Borgarahreyfingin,0
31.07.2004,Capacent,Borgarahreyfingin,0
31.08.2004,Capacent,Borgarahreyfingin,0
30.09.2004,Capacent,Borgarahreyfingin,0
31.10.2004,Capacent,Borgarahreyfingin,0
30.11.2004,Capacent,Borgarahreyfingin,0
31.12.2004,Capacent,Borgarahreyfingin,0
31.01.2005,Capacent,Borgarahreyfingin,0
28.02.2005,Capacent,Borgarahreyfingin,0
31.03.2005,Capacent,Borgarahreyfingin,0
30.04.2005,Capacent,Borgarahreyfingin,0
31.05.2005,Capacent,Borgarahreyfingin,0
30.06.2005,Capacent,Borgarahreyfingin,0
31.07.2005,Capacent,Borgarahreyfingin,0
31.08.2005,Capacent,Borgarahreyfingin,0
30.09.2005,Capacent,Borgarahreyfingin,0
31.10.2005,Capacent,Borgarahreyfingin,0
30.11.2005,Capacent,Borgarahreyfingin,0
31.12.2005,Capacent,Borgarahreyfingin,0
31.01.2006,Capacent,Borgarahreyfingin,0
28.02.2006,Capacent,Borgarahreyfingin,0
31.03.2006,Capacent,Borgarahreyfingin,0
30.04.2006,Capacent,Borgarahreyfingin,0
31.05.2006,Capacent,Borgarahreyfingin,0
30.06.2006,Capacent,Borgarahreyfingin,0
31.07.2006,Capacent,Borgarahreyfingin,0
31.08.2006,Capacent,Borgarahreyfingin,0
30.09.2006,Capacent,Borgarahreyfingin,0
31.10.2006,Capacent,Borgarahreyfingin,0
30.11.2006,Capacent,Borgarahreyfingin,0
31.12.2006,Capacent,Borgarahreyfingin,0
31.01.2007,Capacent,Borgarahreyfingin,0
28.02.2007,Capacent,Borgarahreyfingin,0
31.03.2007,Capacent,Borgarahreyfingin,0
30.04.2007,Capacent,Borgarahreyfingin,0
31.05.2007,Capacent,Borgarahreyfingin,0
30.06.2007,Capacent,Borgarahreyfingin,0
31.07.2007,Capacent,Borgarahreyfingin,0
31.08.2007,Capacent,Borgarahreyfingin,0
30.09.2007,Capacent,Borgarahreyfingin,0
31.10.2007,Capacent,Borgarahreyfingin,0
30.11.2007,Capacent,Borgarahreyfingin,0
31.12.2007,Capacent,Borgarahreyfingin,0
31.01.2008,Capacent,Borgarahreyfingin,0
29.02.2008,Capacent,Borgarahreyfingin,0
31.03.2008,Capacent,Borgarahreyfingin,0
30.04.2008,Capacent,Borgarahreyfingin,0
31.05.2008,Capacent,Borgarahreyfingin,0
30.06.2008,Capacent,Borgarahreyfingin,0
31.07.2008,Capacent,Borgarahreyfingin,0
31.08.2008,Capacent,Borgarahreyfingin,0
30.09.2008,Capacent,Borgarahreyfingin,0
31.10.2008,Capacent,Borgarahreyfingin,0
30.11.2008,Capacent,Borgarahreyfingin,0
31.12.2008,Capacent,Borgarahreyfingin,0
31.01.2009,Capacent,Borgarahreyfingin,0
28.02.2009,Capacent,Borgarahreyfingin,0
31.03.2009,Capacent,Borgarahreyfingin,2
30.04.2009,Capacent,Borgarahreyfingin,"3,9"
31.05.2009,Capacent,Borgarahreyfingin,"8,2"
30.06.2009,Capacent,Borgarahreyfingin,"9,4"
31.07.2009,Capacent,Borgarahreyfingin,8
31.08.2009,Capacent,Borgarahreyfingin,"5,6"
30.09.2009,Capacent,Borgarahreyfingin,"2,5"
31.10.2009,Capacent,Borgarahreyfingin,"0,9"
30.11.2009,Capacent,Borgarahreyfingin,"1,2"
31.12.2009,Capacent,Borgarahreyfingin,"1,2"
31.01.2010,Capacent,Borgarahreyfingin,"0,9"
28.02.2010,Capacent,Borgarahreyfingin,"0,8"
31.03.2010,Capacent,Borgarahreyfingin,1
30.04.2010,Capacent,Borgarahreyfingin,"1,4"
31.05.2010,Capacent,Borgarahreyfingin,1
30.06.2010,Capacent,Borgarahreyfingin,"1,7"
31.07.2010,Capacent,Borgarahreyfingin,"1,7"
31.08.2010,Capacent,Borgarahreyfingin,"1,5"
30.09.2010,Capacent,Borgarahreyfingin,"1,7"
31.10.2010,Capacent,Borgarahreyfingin,"3,4"
30.11.2010,Capacent,Borgarahreyfingin,"2,3"
31.12.2010,Capacent,Borgarahreyfingin,"1,7"
31.01.2011,Capacent,Borgarahreyfingin,"2,9"
28.02.2011,Capacent,Borgarahreyfingin,"1,1"
31.03.2011,Capacent,Borgarahreyfingin,"1,6"
30.04.2011,Capacent,Borgarahreyfingin,"1,5"
31.05.2011,Capacent,Borgarahreyfingin,"1,2"
30.06.2011,Capacent,Borgarahreyfingin,"1,6"
31.07.2011,Capacent,Borgarahreyfingin,"1,3"
31.08.2011,Capacent,Borgarahreyfingin,"1,6"
30.09.2011,Capacent,Borgarahreyfingin,"1,5"
31.10.2011,Capacent,Borgarahreyfingin,"1,4"
30.11.2011,Capacent,Borgarahreyfingin,"1,2"
31.12.2011,Capacent,Borgarahreyfingin,"1,2"
31.01.2012,Capacent,Borgarahreyfingin,"1,4"
29.02.2012,Capacent,Borgarahreyfingin,"1,2"
31.03.2012,Capacent,Borgarahreyfingin,"0,9"
30.04.2012,Capacent,Borgarahreyfingin,"0,9"
31.05.2012,Capacent,Borgarahreyfingin,"0,7"
30.06.2012,Capacent,Borgarahreyfingin,"0,9"
31.07.2012,Capacent,Borgarahreyfingin,"0,6"
31.08.2012,Capacent,Borgarahreyfingin,"0,4"
30.09.2012,Capacent,Borgarahreyfingin,"0,6"
31.10.2012,Capacent,Borgarahreyfingin,"0,5"
30.11.2012,Capacent,Borgarahreyfingin,"0,6"
31.12.2012,Capacent,Borgarahreyfingin,
31.01.2013,Capacent,Borgarahreyfingin,
28.02.2013,Capacent,Borgarahreyfingin,
14.03.2013,Capacent,Borgarahreyfingin,
02.04.2013,Capacent,Borgarahreyfingin,
11.04.2013,Capacent,Borgarahreyfingin,
18.04.2013,Capacent,Borgarahreyfingin,
26.04.2013,Capacent,Borgarahreyfingin,
31.05.2013,Capacent,Borgarahreyfingin,
30.06.2013,Capacent,Borgarahreyfingin,
31.07.2013,Capacent,Borgarahreyfingin,
31.08.2013,Capacent,Borgarahreyfingin,
30.09.2013,Capacent,Borgarahreyfingin,
31.10.2013,Capacent,Borgarahreyfingin,
30.11.2013,Capacent,Borgarahreyfingin,
31.12.2013,Capacent,Borgarahreyfingin,
31.01.2014,Capacent,Borgarahreyfingin,
31.05.2004,Capacent,Hreyfingin,0
30.06.2004,Capacent,Hreyfingin,0
31.07.2004,Capacent,Hreyfingin,0
31.08.2004,Capacent,Hreyfingin,0
30.09.2004,Capacent,Hreyfingin,0
31.10.2004,Capacent,Hreyfingin,0
30.11.2004,Capacent,Hreyfingin,0
31.12.2004,Capacent,Hreyfingin,0
31.01.2005,Capacent,Hreyfingin,0
28.02.2005,Capacent,Hreyfingin,0
31.03.2005,Capacent,Hreyfingin,0
30.04.2005,Capacent,Hreyfingin,0
31.05.2005,Capacent,Hreyfingin,0
30.06.2005,Capacent,Hreyfingin,0
31.07.2005,Capacent,Hreyfingin,0
31.08.2005,Capacent,Hreyfingin,0
30.09.2005,Capacent,Hreyfingin,0
31.10.2005,Capacent,Hreyfingin,0
30.11.2005,Capacent,Hreyfingin,0
31.12.2005,Capacent,Hreyfingin,0
31.01.2006,Capacent,Hreyfingin,0
28.02.2006,Capacent,Hreyfingin,0
31.03.2006,Capacent,Hreyfingin,0
30.04.2006,Capacent,Hreyfingin,0
31.05.2006,Capacent,Hreyfingin,0
30.06.2006,Capacent,Hreyfingin,0
31.07.2006,Capacent,Hreyfingin,0
31.08.2006,Capacent,Hreyfingin,0
30.09.2006,Capacent,Hreyfingin,0
31.10.2006,Capacent,Hreyfingin,0
30.11.2006,Capacent,Hreyfingin,0
31.12.2006,Capacent,Hreyfingin,0
31.01.2007,Capacent,Hreyfingin,0
28.02.2007,Capacent,Hreyfingin,0
31.03.2007,Capacent,Hreyfingin,0
30.04.2007,Capacent,Hreyfingin,0
31.05.2007,Capacent,Hreyfingin,0
30.06.2007,Capacent,Hreyfingin,0
31.07.2007,Capacent,Hreyfingin,0
31.08.2007,Capacent,Hreyfingin,0
30.09.2007,Capacent,Hreyfingin,0
31.10.2007,Capacent,Hreyfingin,0
30.11.2007,Capacent,Hreyfingin,0
31.12.2007,Capacent,Hreyfingin,0
31.01.2008,Capacent,Hreyfingin,0
29.02.2008,Capacent,Hreyfingin,0
31.03.2008,Capacent,Hreyfingin,0
30.04.2008,Capacent,Hreyfingin,0
31.05.2008,Capacent,Hreyfingin,0
30.06.2008,Capacent,Hreyfingin,0
31.07.2008,Capacent,Hreyfingin,0
31.08.2008,Capacent,Hreyfingin,0
30.09.2008,Capacent,Hreyfingin,0
31.10.2008,Capacent,Hreyfingin,0
30.11.2008,Capacent,Hreyfingin,0
31.12.2008,Capacent,Hreyfingin,0
31.01.2009,Capacent,Hreyfingin,0
28.02.2009,Capacent,Hreyfingin,0
31.03.2009,Capacent,Hreyfingin,0
30.04.2009,Capacent,Hreyfingin,0
31.05.2009,Capacent,Hreyfingin,0
30.06.2009,Capacent,Hreyfingin,0
31.07.2009,Capacent,Hreyfingin,0
31.08.2009,Capacent,Hreyfingin,0
30.09.2009,Capacent,Hreyfingin,0
31.10.2009,Capacent,Hreyfingin,0
30.11.2009,Capacent,Hreyfingin,0
31.12.2009,Capacent,Hreyfingin,0
31.01.2010,Capacent,Hreyfingin,0
28.02.2010,Capacent,Hreyfingin,0
31.03.2010,Capacent,Hreyfingin,"1,4"
30.04.2010,Capacent,Hreyfingin,"2,9"
31.05.2010,Capacent,Hreyfingin,"1,9"
30.06.2010,Capacent,Hreyfingin,"3,7"
31.07.2010,Capacent,Hreyfingin,"3,6"
31.08.2010,Capacent,Hreyfingin,"3,1"
30.09.2010,Capacent,Hreyfingin,"3,7"
31.10.2010,Capacent,Hreyfingin,"8,2"
30.11.2010,Capacent,Hreyfingin,"7,6"
31.12.2010,Capacent,Hreyfingin,"6,3"
31.01.2011,Capacent,Hreyfingin,"4,1"
28.02.2011,Capacent,Hreyfingin,"4,7"
31.03.2011,Capacent,Hreyfingin,"4,9"
30.04.2011,Capacent,Hreyfingin,"5,3"
31.05.2011,Capacent,Hreyfingin,"3,7"
30.06.2011,Capacent,Hreyfingin,"3,2"
31.07.2011,Capacent,Hreyfingin,"2,6"
31.08.2011,Capacent,Hreyfingin,"2,9"
30.09.2011,Capacent,Hreyfingin,3
31.10.2011,Capacent,Hreyfingin,3
30.11.2011,Capacent,Hreyfingin,"2,4"
31.12.2011,Capacent,Hreyfingin,"2,5"
31.01.2012,Capacent,Hreyfingin,"3,5"
29.02.2012,Capacent,Hreyfingin,"2,7"
31.03.2012,Capacent,Hreyfingin,"1,9"
30.04.2012,Capacent,Hreyfingin,"2,3"
31.05.2012,Capacent,Hreyfingin,"2,6"
30.06.2012,Capacent,Hreyfingin,"2,2"
31.07.2012,Capacent,Hreyfingin,"1,4"
31.08.2012,Capacent,Hreyfingin,"1,7"
30.09.2012,Capacent,Hreyfingin,"1,4"
31.10.2012,Capacent,Hreyfingin,1
30.11.2012,Capacent,Hreyfingin,"0,6"
31.12.2012,Capacent,Hreyfingin,
31.01.2013,Capacent,Hreyfingin,
28.02.2013,Capacent,Hreyfingin,
14.03.2013,Capacent,Hreyfingin,
02.04.2013,Capacent,Hreyfingin,
11.04.2013,Capacent,Hreyfingin,
18.04.2013,Capacent,Hreyfingin,
26.04.2013,Capacent,Hreyfingin,
31.05.2013,Capacent,Hreyfingin,
30.06.2013,Capacent,Hreyfingin,
31.07.2013,Capacent,Hreyfingin,
31.08.2013,Capacent,Hreyfingin,
30.09.2013,Capacent,Hreyfingin,
31.10.2013,Capacent,Hreyfingin,
30.11.2013,Capacent,Hreyfingin,
31.12.2013,Capacent,Hreyfingin,
31.01.2014,Capacent,Hreyfingin,
31.05.2004,Capacent,Björt framtíð,0
30.06.2004,Capacent,Björt framtíð,0
31.07.2004,Capacent,Björt framtíð,0
31.08.2004,Capacent,Björt framtíð,0
30.09.2004,Capacent,Björt framtíð,0
31.10.2004,Capacent,Björt framtíð,0
30.11.2004,Capacent,Björt framtíð,0
31.12.2004,Capacent,Björt framtíð,0
31.01.2005,Capacent,Björt framtíð,0
28.02.2005,Capacent,Björt framtíð,0
31.03.2005,Capacent,Björt framtíð,0
30.04.2005,Capacent,Björt framtíð,0
31.05.2005,Capacent,Björt framtíð,0
30.06.2005,Capacent,Björt framtíð,0
31.07.2005,Capacent,Björt framtíð,0
31.08.2005,Capacent,Björt framtíð,0
30.09.2005,Capacent,Björt framtíð,0
31.10.2005,Capacent,Björt framtíð,0
30.11.2005,Capacent,Björt framtíð,0
31.12.2005,Capacent,Björt framtíð,0
31.01.2006,Capacent,Björt framtíð,0
28.02.2006,Capacent,Björt framtíð,0
31.03.2006,Capacent,Björt framtíð,0
30.04.2006,Capacent,Björt framtíð,0
31.05.2006,Capacent,Björt framtíð,0
30.06.2006,Capacent,Björt framtíð,0
31.07.2006,Capacent,Björt framtíð,0
31.08.2006,Capacent,Björt framtíð,0
30.09.2006,Capacent,Björt framtíð,0
31.10.2006,Capacent,Björt framtíð,0
30.11.2006,Capacent,Björt framtíð,0
31.12.2006,Capacent,Björt framtíð,0
31.01.2007,Capacent,Björt framtíð,0
28.02.2007,Capacent,Björt framtíð,0
31.03.2007,Capacent,Björt framtíð,0
30.04.2007,Capacent,Björt framtíð,0
31.05.2007,Capacent,Björt framtíð,0
30.06.2007,Capacent,Björt framtíð,0
31.07.2007,Capacent,Björt framtíð,0
31.08.2007,Capacent,Björt framtíð,0
30.09.2007,Capacent,Björt framtíð,0
31.10.2007,Capacent,Björt framtíð,0
30.11.2007,Capacent,Björt framtíð,0
31.12.2007,Capacent,Björt framtíð,0
31.01.2008,Capacent,Björt framtíð,0
29.02.2008,Capacent,Björt framtíð,0
31.03.2008,Capacent,Björt framtíð,0
30.04.2008,Capacent,Björt framtíð,0
31.05.2008,Capacent,Björt framtíð,0
30.06.2008,Capacent,Björt framtíð,0
31.07.2008,Capacent,Björt framtíð,0
31.08.2008,Capacent,Björt framtíð,0
30.09.2008,Capacent,Björt framtíð,0
31.10.2008,Capacent,Björt framtíð,0
30.11.2008,Capacent,Björt framtíð,0
31.12.2008,Capacent,Björt framtíð,0
31.01.2009,Capacent,Björt framtíð,0
28.02.2009,Capacent,Björt framtíð,0
31.03.2009,Capacent,Björt framtíð,0
30.04.2009,Capacent,Björt framtíð,0
31.05.2009,Capacent,Björt framtíð,0
30.06.2009,Capacent,Björt framtíð,0
31.07.2009,Capacent,Björt framtíð,0
31.08.2009,Capacent,Björt framtíð,0
30.09.2009,Capacent,Björt framtíð,0
31.10.2009,Capacent,Björt framtíð,0
30.11.2009,Capacent,Björt framtíð,0
31.12.2009,Capacent,Björt framtíð,0
31.01.2010,Capacent,Björt framtíð,0
28.02.2010,Capacent,Björt framtíð,0
31.03.2010,Capacent,Björt framtíð,0
30.04.2010,Capacent,Björt framtíð,0
31.05.2010,Capacent,Björt framtíð,0
30.06.2010,Capacent,Björt framtíð,0
31.07.2010,Capacent,Björt framtíð,0
31.08.2010,Capacent,Björt framtíð,0
30.09.2010,Capacent,Björt framtíð,0
31.10.2010,Capacent,Björt framtíð,0
30.11.2010,Capacent,Björt framtíð,0
31.12.2010,Capacent,Björt framtíð,0
31.01.2011,Capacent,Björt framtíð,0
28.02.2011,Capacent,Björt framtíð,0
31.03.2011,Capacent,Björt framtíð,0
30.04.2011,Capacent,Björt framtíð,0
31.05.2011,Capacent,Björt framtíð,0
30.06.2011,Capacent,Björt framtíð,0
31.07.2011,Capacent,Björt framtíð,0
31.08.2011,Capacent,Björt framtíð,0
30.09.2011,Capacent,Björt framtíð,0
31.10.2011,Capacent,Björt framtíð,0
30.11.2011,Capacent,Björt framtíð,0
31.12.2011,Capacent,Björt framtíð,0
31.01.2012,Capacent,Björt framtíð,0
29.02.2012,Capacent,Björt framtíð,"4,3"
31.03.2012,Capacent,Björt framtíð,"4,7"
30.04.2012,Capacent,Björt framtíð,"5,6"
31.05.2012,Capacent,Björt framtíð,4
30.06.2012,Capacent,Björt framtíð,"4,3"
31.07.2012,Capacent,Björt framtíð,"5,2"
31.08.2012,Capacent,Björt framtíð,"4,5"
30.09.2012,Capacent,Björt framtíð,"4,9"
31.10.2012,Capacent,Björt framtíð,"6,9"
30.11.2012,Capacent,Björt framtíð,"8,1"
31.12.2012,Capacent,Björt framtíð,"12,3"
31.01.2013,Capacent,Björt framtíð,"18,6"
28.02.2013,Capacent,Björt framtíð,"16,2"
14.03.2013,Capacent,Björt framtíð,"13,2"
02.04.2013,Capacent,Björt framtíð,"12,7"
11.04.2013,Capacent,Björt framtíð,10
18.04.2013,Capacent,Björt framtíð,8
26.04.2013,Capacent,Björt framtíð,"6,6"
31.05.2013,Capacent,Björt framtíð,"9,6"
30.06.2013,Capacent,Björt framtíð,"10,2"
31.07.2013,Capacent,Björt framtíð,10
31.08.2013,Capacent,Björt framtíð,"8,8"
30.09.2013,Capacent,Björt framtíð,"9,6"
31.10.2013,Capacent,Björt framtíð,"10,2"
30.11.2013,Capacent,Björt framtíð,"13,5"
31.12.2013,Capacent,Björt framtíð,"13,1"
31.01.2014,Capacent,Björt framtíð,"14,2"
31.05.2004,Capacent,Samstaða,0
30.06.2004,Capacent,Samstaða,0
31.07.2004,Capacent,Samstaða,0
31.08.2004,Capacent,Samstaða,0
30.09.2004,Capacent,Samstaða,0
31.10.2004,Capacent,Samstaða,0
30.11.2004,Capacent,Samstaða,0
31.12.2004,Capacent,Samstaða,0
31.01.2005,Capacent,Samstaða,0
28.02.2005,Capacent,Samstaða,0
31.03.2005,Capacent,Samstaða,0
30.04.2005,Capacent,Samstaða,0
31.05.2005,Capacent,Samstaða,0
30.06.2005,Capacent,Samstaða,0
31.07.2005,Capacent,Samstaða,0
31.08.2005,Capacent,Samstaða,0
30.09.2005,Capacent,Samstaða,0
31.10.2005,Capacent,Samstaða,0
30.11.2005,Capacent,Samstaða,0
31.12.2005,Capacent,Samstaða,0
31.01.2006,Capacent,Samstaða,0
28.02.2006,Capacent,Samstaða,0
31.03.2006,Capacent,Samstaða,0
30.04.2006,Capacent,Samstaða,0
31.05.2006,Capacent,Samstaða,0
30.06.2006,Capacent,Samstaða,0
31.07.2006,Capacent,Samstaða,0
31.08.2006,Capacent,Samstaða,0
30.09.2006,Capacent,Samstaða,0
31.10.2006,Capacent,Samstaða,0
30.11.2006,Capacent,Samstaða,0
31.12.2006,Capacent,Samstaða,0
31.01.2007,Capacent,Samstaða,0
28.02.2007,Capacent,Samstaða,0
31.03.2007,Capacent,Samstaða,0
30.04.2007,Capacent,Samstaða,0
31.05.2007,Capacent,Samstaða,0
30.06.2007,Capacent,Samstaða,0
31.07.2007,Capacent,Samstaða,0
31.08.2007,Capacent,Samstaða,0
30.09.2007,Capacent,Samstaða,0
31.10.2007,Capacent,Samstaða,0
30.11.2007,Capacent,Samstaða,0
31.12.2007,Capacent,Samstaða,0
31.01.2008,Capacent,Samstaða,0
29.02.2008,Capacent,Samstaða,0
31.03.2008,Capacent,Samstaða,0
30.04.2008,Capacent,Samstaða,0
31.05.2008,Capacent,Samstaða,0
30.06.2008,Capacent,Samstaða,0
31.07.2008,Capacent,Samstaða,0
31.08.2008,Capacent,Samstaða,0
30.09.2008,Capacent,Samstaða,0
31.10.2008,Capacent,Samstaða,0
30.11.2008,Capacent,Samstaða,0
31.12.2008,Capacent,Samstaða,0
31.01.2009,Capacent,Samstaða,0
28.02.2009,Capacent,Samstaða,0
31.03.2009,Capacent,Samstaða,0
30.04.2009,Capacent,Samstaða,0
31.05.2009,Capacent,Samstaða,0
30.06.2009,Capacent,Samstaða,0
31.07.2009,Capacent,Samstaða,0
31.08.2009,Capacent,Samstaða,0
30.09.2009,Capacent,Samstaða,0
31.10.2009,Capacent,Samstaða,0
30.11.2009,Capacent,Samstaða,0
31.12.2009,Capacent,Samstaða,0
31.01.2010,Capacent,Samstaða,0
28.02.2010,Capacent,Samstaða,0
31.03.2010,Capacent,Samstaða,0
30.04.2010,Capacent,Samstaða,0
31.05.2010,Capacent,Samstaða,0
30.06.2010,Capacent,Samstaða,0
31.07.2010,Capacent,Samstaða,0
31.08.2010,Capacent,Samstaða,0
30.09.2010,Capacent,Samstaða,0
31.10.2010,Capacent,Samstaða,0
30.11.2010,Capacent,Samstaða,0
31.12.2010,Capacent,Samstaða,0
31.01.2011,Capacent,Samstaða,0
28.02.2011,Capacent,Samstaða,0
31.03.2011,Capacent,Samstaða,0
30.04.2011,Capacent,Samstaða,0
31.05.2011,Capacent,Samstaða,0
30.06.2011,Capacent,Samstaða,0
31.07.2011,Capacent,Samstaða,0
31.08.2011,Capacent,Samstaða,0
30.09.2011,Capacent,Samstaða,0
31.10.2011,Capacent,Samstaða,0
30.11.2011,Capacent,Samstaða,0
31.12.2011,Capacent,Samstaða,0
31.01.2012,Capacent,Samstaða,0
29.02.2012,Capacent,Samstaða,"11,3"
31.03.2012,Capacent,Samstaða,"8,9"
30.04.2012,Capacent,Samstaða,"6,9"
31.05.2012,Capacent,Samstaða,"5,6"
30.06.2012,Capacent,Samstaða,"4,7"
31.07.2012,Capacent,Samstaða,"2,7"
31.08.2012,Capacent,Samstaða,3
30.09.2012,Capacent,Samstaða,"2,4"
31.10.2012,Capacent,Samstaða,"1,9"
30.11.2012,Capacent,Samstaða,"1,9"
31.12.2012,Capacent,Samstaða,"1,3"
31.01.2013,Capacent,Samstaða,1
28.02.2013,Capacent,Samstaða,
14.03.2013,Capacent,Samstaða,
02.04.2013,Capacent,Samstaða,
11.04.2013,Capacent,Samstaða,
18.04.2013,Capacent,Samstaða,
26.04.2013,Capacent,Samstaða,
31.05.2013,Capacent,Samstaða,
30.06.2013,Capacent,Samstaða,
31.07.2013,Capacent,Samstaða,
31.08.2013,Capacent,Samstaða,
30.09.2013,Capacent,Samstaða,
31.10.2013,Capacent,Samstaða,
30.11.2013,Capacent,Samstaða,
31.12.2013,Capacent,Samstaða,
31.01.2014,Capacent,Samstaða,
31.05.2004,Capacent,Aðrir flokkar,"0,2"
30.06.2004,Capacent,Aðrir flokkar,0
31.07.2004,Capacent,Aðrir flokkar,"0,2"
31.08.2004,Capacent,Aðrir flokkar,0
30.09.2004,Capacent,Aðrir flokkar,"0,1"
31.10.2004,Capacent,Aðrir flokkar,"0,1"
30.11.2004,Capacent,Aðrir flokkar,"0,2"
31.12.2004,Capacent,Aðrir flokkar,"0,3"
31.01.2005,Capacent,Aðrir flokkar,"0,1"
28.02.2005,Capacent,Aðrir flokkar,0
31.03.2005,Capacent,Aðrir flokkar,"0,1"
30.04.2005,Capacent,Aðrir flokkar,0
31.05.2005,Capacent,Aðrir flokkar,0
30.06.2005,Capacent,Aðrir flokkar,0
31.07.2005,Capacent,Aðrir flokkar,0
31.08.2005,Capacent,Aðrir flokkar,0
30.09.2005,Capacent,Aðrir flokkar,0
31.10.2005,Capacent,Aðrir flokkar,0
30.11.2005,Capacent,Aðrir flokkar,0
31.12.2005,Capacent,Aðrir flokkar,0
31.01.2006,Capacent,Aðrir flokkar,0
28.02.2006,Capacent,Aðrir flokkar,0
31.03.2006,Capacent,Aðrir flokkar,"0,1"
30.04.2006,Capacent,Aðrir flokkar,0
31.05.2006,Capacent,Aðrir flokkar,"0,6"
30.06.2006,Capacent,Aðrir flokkar,0
31.07.2006,Capacent,Aðrir flokkar,0
31.08.2006,Capacent,Aðrir flokkar,0
30.09.2006,Capacent,Aðrir flokkar,0
31.10.2006,Capacent,Aðrir flokkar,0
30.11.2006,Capacent,Aðrir flokkar,0
31.12.2006,Capacent,Aðrir flokkar,0
31.01.2007,Capacent,Aðrir flokkar,"1,8"
28.02.2007,Capacent,Aðrir flokkar,"0,7"
31.03.2007,Capacent,Aðrir flokkar,"2,4"
30.04.2007,Capacent,Aðrir flokkar,4
31.05.2007,Capacent,Aðrir flokkar,"2,5"
30.06.2007,Capacent,Aðrir flokkar,"1,6"
31.07.2007,Capacent,Aðrir flokkar,"1,7"
31.08.2007,Capacent,Aðrir flokkar,"1,1"
30.09.2007,Capacent,Aðrir flokkar,1
31.10.2007,Capacent,Aðrir flokkar,"1,2"
30.11.2007,Capacent,Aðrir flokkar,1
31.12.2007,Capacent,Aðrir flokkar,"0,8"
31.01.2008,Capacent,Aðrir flokkar,"0,1"
29.02.2008,Capacent,Aðrir flokkar,"0,4"
31.03.2008,Capacent,Aðrir flokkar,"0,5"
30.04.2008,Capacent,Aðrir flokkar,"0,3"
31.05.2008,Capacent,Aðrir flokkar,"0,7"
30.06.2008,Capacent,Aðrir flokkar,"2,9"
31.07.2008,Capacent,Aðrir flokkar,"2,2"
31.08.2008,Capacent,Aðrir flokkar,2
30.09.2008,Capacent,Aðrir flokkar,"1,7"
31.10.2008,Capacent,Aðrir flokkar,"1,7"
30.11.2008,Capacent,Aðrir flokkar,"5,2"
31.12.2008,Capacent,Aðrir flokkar,"6,3"
31.01.2009,Capacent,Aðrir flokkar,"6,4"
28.02.2009,Capacent,Aðrir flokkar,"3,9"
31.03.2009,Capacent,Aðrir flokkar,"1,7"
30.04.2009,Capacent,Aðrir flokkar,"0,1"
31.05.2009,Capacent,Aðrir flokkar,"0,4"
30.06.2009,Capacent,Aðrir flokkar,"0,5"
31.07.2009,Capacent,Aðrir flokkar,"0,4"
31.08.2009,Capacent,Aðrir flokkar,"0,5"
30.09.2009,Capacent,Aðrir flokkar,"0,5"
31.10.2009,Capacent,Aðrir flokkar,"0,5"
30.11.2009,Capacent,Aðrir flokkar,"1,5"
31.12.2009,Capacent,Aðrir flokkar,"2,8"
31.01.2010,Capacent,Aðrir flokkar,"0,8"
28.02.2010,Capacent,Aðrir flokkar,"1,4"
31.03.2010,Capacent,Aðrir flokkar,"1,7"
30.04.2010,Capacent,Aðrir flokkar,"1,8"
31.05.2010,Capacent,Aðrir flokkar,"2,2"
30.06.2010,Capacent,Aðrir flokkar,"3,7"
31.07.2010,Capacent,Aðrir flokkar,"3,1"
31.08.2010,Capacent,Aðrir flokkar,"2,2"
30.09.2010,Capacent,Aðrir flokkar,"2,6"
31.10.2010,Capacent,Aðrir flokkar,"4,1"
30.11.2010,Capacent,Aðrir flokkar,"3,1"
31.12.2010,Capacent,Aðrir flokkar,"2,6"
31.01.2011,Capacent,Aðrir flokkar,"3,4"
28.02.2011,Capacent,Aðrir flokkar,"3,4"
31.03.2011,Capacent,Aðrir flokkar,"3,3"
30.04.2011,Capacent,Aðrir flokkar,4
31.05.2011,Capacent,Aðrir flokkar,"3,6"
30.06.2011,Capacent,Aðrir flokkar,"3,3"
31.07.2011,Capacent,Aðrir flokkar,"2,9"
31.08.2011,Capacent,Aðrir flokkar,"5,6"
30.09.2011,Capacent,Aðrir flokkar,"6,4"
31.10.2011,Capacent,Aðrir flokkar,"7,3"
30.11.2011,Capacent,Aðrir flokkar,"7,2"
31.12.2011,Capacent,Aðrir flokkar,"7,6"
31.01.2012,Capacent,Aðrir flokkar,"6,7"
29.02.2012,Capacent,Aðrir flokkar,1
31.03.2012,Capacent,Aðrir flokkar,"0,7"
30.04.2012,Capacent,Aðrir flokkar,"0,8"
31.05.2012,Capacent,Aðrir flokkar,"0,8"
30.06.2012,Capacent,Aðrir flokkar,"1,4"
31.07.2012,Capacent,Aðrir flokkar,"2,4"
31.08.2012,Capacent,Aðrir flokkar,2
30.09.2012,Capacent,Aðrir flokkar,"1,6"
31.10.2012,Capacent,Aðrir flokkar,"1,5"
30.11.2012,Capacent,Aðrir flokkar,"0,8"
31.12.2012,Capacent,Aðrir flokkar,"0,7"
31.01.2013,Capacent,Aðrir flokkar,"0,4"
28.02.2013,Capacent,Aðrir flokkar,"1,5"
14.03.2013,Capacent,Aðrir flokkar,1
02.04.2013,Capacent,Aðrir flokkar,2
11.04.2013,Capacent,Aðrir flokkar,"3,4"
18.04.2013,Capacent,Aðrir flokkar,2
26.04.2013,Capacent,Aðrir flokkar,"2,2"
31.05.2013,Capacent,Aðrir flokkar,"2,4"
30.06.2013,Capacent,Aðrir flokkar,"2,4"
31.07.2013,Capacent,Aðrir flokkar,"2,5"
31.08.2013,Capacent,Aðrir flokkar,"3,1"
30.09.2013,Capacent,Aðrir flokkar,"3,4"
31.10.2013,Capacent,Aðrir flokkar,3
30.11.2013,Capacent,Aðrir flokkar,"2,6"
31.12.2013,Capacent,Aðrir flokkar,"2,5"
31.01.2014,Capacent,Aðrir flokkar,"2,1"
31.05.2004,Capacent,Hægri grænir,
30.06.2004,Capacent,Hægri grænir,
31.07.2004,Capacent,Hægri grænir,
31.08.2004,Capacent,Hægri grænir,
30.09.2004,Capacent,Hægri grænir,
31.10.2004,Capacent,Hægri grænir,
30.11.2004,Capacent,Hægri grænir,
31.12.2004,Capacent,Hægri grænir,
31.01.2005,Capacent,Hægri grænir,
28.02.2005,Capacent,Hægri grænir,
31.03.2005,Capacent,Hægri grænir,
30.04.2005,Capacent,Hægri grænir,
31.05.2005,Capacent,Hægri grænir,
30.06.2005,Capacent,Hægri grænir,
31.07.2005,Capacent,Hægri grænir,
31.08.2005,Capacent,Hægri grænir,
30.09.2005,Capacent,Hægri grænir,
31.10.2005,Capacent,Hægri grænir,
30.11.2005,Capacent,Hægri grænir,
31.12.2005,Capacent,Hægri grænir,
31.01.2006,Capacent,Hægri grænir,
28.02.2006,Capacent,Hægri grænir,
31.03.2006,Capacent,Hægri grænir,
30.04.2006,Capacent,Hægri grænir,
31.05.2006,Capacent,Hægri grænir,
30.06.2006,Capacent,Hægri grænir,
31.07.2006,Capacent,Hægri grænir,
31.08.2006,Capacent,Hægri grænir,
30.09.2006,Capacent,Hægri grænir,
31.10.2006,Capacent,Hægri grænir,
30.11.2006,Capacent,Hægri grænir,
31.12.2006,Capacent,Hægri grænir,
31.01.2007,Capacent,Hægri grænir,
28.02.2007,Capacent,Hægri grænir,
31.03.2007,Capacent,Hægri grænir,
30.04.2007,Capacent,Hægri grænir,
31.05.2007,Capacent,Hægri grænir,
30.06.2007,Capacent,Hægri grænir,
31.07.2007,Capacent,Hægri grænir,
31.08.2007,Capacent,Hægri grænir,
30.09.2007,Capacent,Hægri grænir,
31.10.2007,Capacent,Hægri grænir,
30.11.2007,Capacent,Hægri grænir,
31.12.2007,Capacent,Hægri grænir,
31.01.2008,Capacent,Hægri grænir,
29.02.2008,Capacent,Hægri grænir,
31.03.2008,Capacent,Hægri grænir,
30.04.2008,Capacent,Hægri grænir,
31.05.2008,Capacent,Hægri grænir,
30.06.2008,Capacent,Hægri grænir,
31.07.2008,Capacent,Hægri grænir,
31.08.2008,Capacent,Hægri grænir,
30.09.2008,Capacent,Hægri grænir,
31.10.2008,Capacent,Hægri grænir,
30.11.2008,Capacent,Hægri grænir,
31.12.2008,Capacent,Hægri grænir,
31.01.2009,Capacent,Hægri grænir,
28.02.2009,Capacent,Hægri grænir,
31.03.2009,Capacent,Hægri grænir,
30.04.2009,Capacent,Hægri grænir,
31.05.2009,Capacent,Hægri grænir,
30.06.2009,Capacent,Hægri grænir,
31.07.2009,Capacent,Hægri grænir,
31.08.2009,Capacent,Hægri grænir,
30.09.2009,Capacent,Hægri grænir,
31.10.2009,Capacent,Hægri grænir,
30.11.2009,Capacent,Hægri grænir,
31.12.2009,Capacent,Hægri grænir,
31.01.2010,Capacent,Hægri grænir,
28.02.2010,Capacent,Hægri grænir,
31.03.2010,Capacent,Hægri grænir,
30.04.2010,Capacent,Hægri grænir,
31.05.2010,Capacent,Hægri grænir,
30.06.2010,Capacent,Hægri grænir,
31.07.2010,Capacent,Hægri grænir,
31.08.2010,Capacent,Hægri grænir,
30.09.2010,Capacent,Hægri grænir,
31.10.2010,Capacent,Hægri grænir,
30.11.2010,Capacent,Hægri grænir,
31.12.2010,Capacent,Hægri grænir,
31.01.2011,Capacent,Hægri grænir,
28.02.2011,Capacent,Hægri grænir,
31.03.2011,Capacent,Hægri grænir,
30.04.2011,Capacent,Hægri grænir,
31.05.2011,Capacent,Hægri grænir,
30.06.2011,Capacent,Hægri grænir,
31.07.2011,Capacent,Hægri grænir,
31.08.2011,Capacent,Hægri grænir,
30.09.2011,Capacent,Hægri grænir,
31.10.2011,Capacent,Hægri grænir,
30.11.2011,Capacent,Hægri grænir,
31.12.2011,Capacent,Hægri grænir,
31.01.2012,Capacent,Hægri grænir,
29.02.2012,Capacent,Hægri grænir,"0,5"
31.03.2012,Capacent,Hægri grænir,"0,9"
30.04.2012,Capacent,Hægri grænir,"1,6"
31.05.2012,Capacent,Hægri grænir,"3,9"
30.06.2012,Capacent,Hægri grænir,"3,6"
31.07.2012,Capacent,Hægri grænir,"3,1"
31.08.2012,Capacent,Hægri grænir,3
30.09.2012,Capacent,Hægri grænir,"4,4"
31.10.2012,Capacent,Hægri grænir,"3,8"
30.11.2012,Capacent,Hægri grænir,"3,3"
31.12.2012,Capacent,Hægri grænir,"2,6"
31.01.2013,Capacent,Hægri grænir,"2,5"
28.02.2013,Capacent,Hægri grænir,"3,2"
14.03.2013,Capacent,Hægri grænir,"2,8"
02.04.2013,Capacent,Hægri grænir,"2,1"
11.04.2013,Capacent,Hægri grænir,"2,7"
18.04.2013,Capacent,Hægri grænir,"1,2"
26.04.2013,Capacent,Hægri grænir,"2,6"
31.05.2013,Capacent,Hægri grænir,"1,6"
30.06.2013,Capacent,Hægri grænir,"1,3"
31.07.2013,Capacent,Hægri grænir,"1,4"
31.08.2013,Capacent,Hægri grænir,1
30.09.2013,Capacent,Hægri grænir,"1,6"
31.10.2013,Capacent,Hægri grænir,"1,2"
30.11.2013,Capacent,Hægri grænir,1
31.12.2013,Capacent,Hægri grænir,"0,8"
31.01.2014,Capacent,Hægri grænir,"0,9"
31.05.2004,Capacent,Dögun,
30.06.2004,Capacent,Dögun,
31.07.2004,Capacent,Dögun,
31.08.2004,Capacent,Dögun,
30.09.2004,Capacent,Dögun,
31.10.2004,Capacent,Dögun,
30.11.2004,Capacent,Dögun,
31.12.2004,Capacent,Dögun,
31.01.2005,Capacent,Dögun,
28.02.2005,Capacent,Dögun,
31.03.2005,Capacent,Dögun,
30.04.2005,Capacent,Dögun,
31.05.2005,Capacent,Dögun,
30.06.2005,Capacent,Dögun,
31.07.2005,Capacent,Dögun,
31.08.2005,Capacent,Dögun,
30.09.2005,Capacent,Dögun,
31.10.2005,Capacent,Dögun,
30.11.2005,Capacent,Dögun,
31.12.2005,Capacent,Dögun,
31.01.2006,Capacent,Dögun,
28.02.2006,Capacent,Dögun,
31.03.2006,Capacent,Dögun,
30.04.2006,Capacent,Dögun,
31.05.2006,Capacent,Dögun,
30.06.2006,Capacent,Dögun,
31.07.2006,Capacent,Dögun,
31.08.2006,Capacent,Dögun,
30.09.2006,Capacent,Dögun,
31.10.2006,Capacent,Dögun,
30.11.2006,Capacent,Dögun,
31.12.2006,Capacent,Dögun,
31.01.2007,Capacent,Dögun,
28.02.2007,Capacent,Dögun,
31.03.2007,Capacent,Dögun,
30.04.2007,Capacent,Dögun,
31.05.2007,Capacent,Dögun,
30.06.2007,Capacent,Dögun,
31.07.2007,Capacent,Dögun,
31.08.2007,Capacent,Dögun,
30.09.2007,Capacent,Dögun,
31.10.2007,Capacent,Dögun,
30.11.2007,Capacent,Dögun,
31.12.2007,Capacent,Dögun,
31.01.2008,Capacent,Dögun,
29.02.2008,Capacent,Dögun,
31.03.2008,Capacent,Dögun,
30.04.2008,Capacent,Dögun,
31.05.2008,Capacent,Dögun,
30.06.2008,Capacent,Dögun,
31.07.2008,Capacent,Dögun,
31.08.2008,Capacent,Dögun,
30.09.2008,Capacent,Dögun,
31.10.2008,Capacent,Dögun,
30.11.2008,Capacent,Dögun,
31.12.2008,Capacent,Dögun,
31.01.2009,Capacent,Dögun,
28.02.2009,Capacent,Dögun,
31.03.2009,Capacent,Dögun,
30.04.2009,Capacent,Dögun,
31.05.2009,Capacent,Dögun,
30.06.2009,Capacent,Dögun,
31.07.2009,Capacent,Dögun,
31.08.2009,Capacent,Dögun,
30.09.2009,Capacent,Dögun,
31.10.2009,Capacent,Dögun,
30.11.2009,Capacent,Dögun,
31.12.2009,Capacent,Dögun,
31.01.2010,Capacent,Dögun,
28.02.2010,Capacent,Dögun,
31.03.2010,Capacent,Dögun,
30.04.2010,Capacent,Dögun,
31.05.2010,Capacent,Dögun,
30.06.2010,Capacent,Dögun,
31.07.2010,Capacent,Dögun,
31.08.2010,Capacent,Dögun,
30.09.2010,Capacent,Dögun,
31.10.2010,Capacent,Dögun,
30.11.2010,Capacent,Dögun,
31.12.2010,Capacent,Dögun,
31.01.2011,Capacent,Dögun,
28.02.2011,Capacent,Dögun,
31.03.2011,Capacent,Dögun,
30.04.2011,Capacent,Dögun,
31.05.2011,Capacent,Dögun,
30.06.2011,Capacent,Dögun,
31.07.2011,Capacent,Dögun,
31.08.2011,Capacent,Dögun,
30.09.2011,Capacent,Dögun,
31.10.2011,Capacent,Dögun,
30.11.2011,Capacent,Dögun,
31.12.2011,Capacent,Dögun,
31.01.2012,Capacent,Dögun,
29.02.2012,Capacent,Dögun,"0,5"
31.03.2012,Capacent,Dögun,"1,3"
30.04.2012,Capacent,Dögun,"1,5"
31.05.2012,Capacent,Dögun,"1,4"
30.06.2012,Capacent,Dögun,"0,9"
31.07.2012,Capacent,Dögun,"1,3"
31.08.2012,Capacent,Dögun,"0,9"
30.09.2012,Capacent,Dögun,"0,8"
31.10.2012,Capacent,Dögun,"1,7"
30.11.2012,Capacent,Dögun,2
31.12.2012,Capacent,Dögun,3
31.01.2013,Capacent,Dögun,"2,2"
28.02.2013,Capacent,Dögun,"1,3"
14.03.2013,Capacent,Dögun,"0,7"
02.04.2013,Capacent,Dögun,"1,5"
11.04.2013,Capacent,Dögun,"2,5"
18.04.2013,Capacent,Dögun,3
26.04.2013,Capacent,Dögun,"2,6"
31.05.2013,Capacent,Dögun,"2,8"
30.06.2013,Capacent,Dögun,"2,3"
31.07.2013,Capacent,Dögun,"1,9"
31.08.2013,Capacent,Dögun,"1,7"
30.09.2013,Capacent,Dögun,"1,9"
31.10.2013,Capacent,Dögun,"2,2"
30.11.2013,Capacent,Dögun,"1,8"
31.12.2013,Capacent,Dögun,"1,7"
31.01.2014,Capacent,Dögun,"1,1"
31.05.2004,Capacent,Píratar,
30.06.2004,Capacent,Píratar,
31.07.2004,Capacent,Píratar,
31.08.2004,Capacent,Píratar,
30.09.2004,Capacent,Píratar,
31.10.2004,Capacent,Píratar,
30.11.2004,Capacent,Píratar,
31.12.2004,Capacent,Píratar,
31.01.2005,Capacent,Píratar,
28.02.2005,Capacent,Píratar,
31.03.2005,Capacent,Píratar,
30.04.2005,Capacent,Píratar,
31.05.2005,Capacent,Píratar,
30.06.2005,Capacent,Píratar,
31.07.2005,Capacent,Píratar,
31.08.2005,Capacent,Píratar,
30.09.2005,Capacent,Píratar,
31.10.2005,Capacent,Píratar,
30.11.2005,Capacent,Píratar,
31.12.2005,Capacent,Píratar,
31.01.2006,Capacent,Píratar,
28.02.2006,Capacent,Píratar,
31.03.2006,Capacent,Píratar,
30.04.2006,Capacent,Píratar,
31.05.2006,Capacent,Píratar,
30.06.2006,Capacent,Píratar,
31.07.2006,Capacent,Píratar,
31.08.2006,Capacent,Píratar,
30.09.2006,Capacent,Píratar,
31.10.2006,Capacent,Píratar,
30.11.2006,Capacent,Píratar,
31.12.2006,Capacent,Píratar,
31.01.2007,Capacent,Píratar,
28.02.2007,Capacent,Píratar,
31.03.2007,Capacent,Píratar,
30.04.2007,Capacent,Píratar,
31.05.2007,Capacent,Píratar,
30.06.2007,Capacent,Píratar,
31.07.2007,Capacent,Píratar,
31.08.2007,Capacent,Píratar,
30.09.2007,Capacent,Píratar,
31.10.2007,Capacent,Píratar,
30.11.2007,Capacent,Píratar,
31.12.2007,Capacent,Píratar,
31.01.2008,Capacent,Píratar,
29.02.2008,Capacent,Píratar,
31.03.2008,Capacent,Píratar,
30.04.2008,Capacent,Píratar,
31.05.2008,Capacent,Píratar,
30.06.2008,Capacent,Píratar,
31.07.2008,Capacent,Píratar,
31.08.2008,Capacent,Píratar,
30.09.2008,Capacent,Píratar,
31.10.2008,Capacent,Píratar,
30.11.2008,Capacent,Píratar,
31.12.2008,Capacent,Píratar,
31.01.2009,Capacent,Píratar,
28.02.2009,Capacent,Píratar,
31.03.2009,Capacent,Píratar,
30.04.2009,Capacent,Píratar,
31.05.2009,Capacent,Píratar,
30.06.2009,Capacent,Píratar,
31.07.2009,Capacent,Píratar,
31.08.2009,Capacent,Píratar,
30.09.2009,Capacent,Píratar,
31.10.2009,Capacent,Píratar,
30.11.2009,Capacent,Píratar,
31.12.2009,Capacent,Píratar,
31.01.2010,Capacent,Píratar,
28.02.2010,Capacent,Píratar,
31.03.2010,Capacent,Píratar,
30.04.2010,Capacent,Píratar,
31.05.2010,Capacent,Píratar,
30.06.2010,Capacent,Píratar,
31.07.2010,Capacent,Píratar,
31.08.2010,Capacent,Píratar,
30.09.2010,Capacent,Píratar,
31.10.2010,Capacent,Píratar,
30.11.2010,Capacent,Píratar,
31.12.2010,Capacent,Píratar,
31.01.2011,Capacent,Píratar,
28.02.2011,Capacent,Píratar,
31.03.2011,Capacent,Píratar,
30.04.2011,Capacent,Píratar,
31.05.2011,Capacent,Píratar,
30.06.2011,Capacent,Píratar,
31.07.2011,Capacent,Píratar,
31.08.2011,Capacent,Píratar,
30.09.2011,Capacent,Píratar,
31.10.2011,Capacent,Píratar,
30.11.2011,Capacent,Píratar,
31.12.2011,Capacent,Píratar,
31.01.2012,Capacent,Píratar,
29.02.2012,Capacent,Píratar,
31.03.2012,Capacent,Píratar,
30.04.2012,Capacent,Píratar,
31.05.2012,Capacent,Píratar,
30.06.2012,Capacent,Píratar,
31.07.2012,Capacent,Píratar,
31.08.2012,Capacent,Píratar,
30.09.2012,Capacent,Píratar,
31.10.2012,Capacent,Píratar,
30.11.2012,Capacent,Píratar,"0,4"
31.12.2012,Capacent,Píratar,"2,5"
31.01.2013,Capacent,Píratar,"2,1"
28.02.2013,Capacent,Píratar,"2,3"
14.03.2013,Capacent,Píratar,"3,8"
02.04.2013,Capacent,Píratar,"4,4"
11.04.2013,Capacent,Píratar,"6,6"
18.04.2013,Capacent,Píratar,"8,4"
26.04.2013,Capacent,Píratar,"6,1"
31.05.2013,Capacent,Píratar,"5,9"
30.06.2013,Capacent,Píratar,"6,8"
31.07.2013,Capacent,Píratar,"9,2"
31.08.2013,Capacent,Píratar,"7,8"
30.09.2013,Capacent,Píratar,"6,8"
31.10.2013,Capacent,Píratar,"8,2"
30.11.2013,Capacent,Píratar,"8,5"
31.12.2013,Capacent,Píratar,"10,7"
31.01.2014,Capacent,Píratar,"8,1"
31.05.2004,Capacent,Lýðræðisvaktin,
30.06.2004,Capacent,Lýðræðisvaktin,
31.07.2004,Capacent,Lýðræðisvaktin,
31.08.2004,Capacent,Lýðræðisvaktin,
30.09.2004,Capacent,Lýðræðisvaktin,
31.10.2004,Capacent,Lýðræðisvaktin,
30.11.2004,Capacent,Lýðræðisvaktin,
31.12.2004,Capacent,Lýðræðisvaktin,
31.01.2005,Capacent,Lýðræðisvaktin,
28.02.2005,Capacent,Lýðræðisvaktin,
31.03.2005,Capacent,Lýðræðisvaktin,
30.04.2005,Capacent,Lýðræðisvaktin,
31.05.2005,Capacent,Lýðræðisvaktin,
30.06.2005,Capacent,Lýðræðisvaktin,
31.07.2005,Capacent,Lýðræðisvaktin,
31.08.2005,Capacent,Lýðræðisvaktin,
30.09.2005,Capacent,Lýðræðisvaktin,
31.10.2005,Capacent,Lýðræðisvaktin,
30.11.2005,Capacent,Lýðræðisvaktin,
31.12.2005,Capacent,Lýðræðisvaktin,
31.01.2006,Capacent,Lýðræðisvaktin,
28.02.2006,Capacent,Lýðræðisvaktin,
31.03.2006,Capacent,Lýðræðisvaktin,
30.04.2006,Capacent,Lýðræðisvaktin,
31.05.2006,Capacent,Lýðræðisvaktin,
30.06.2006,Capacent,Lýðræðisvaktin,
31.07.2006,Capacent,Lýðræðisvaktin,
31.08.2006,Capacent,Lýðræðisvaktin,
30.09.2006,Capacent,Lýðræðisvaktin,
31.10.2006,Capacent,Lýðræðisvaktin,
30.11.2006,Capacent,Lýðræðisvaktin,
31.12.2006,Capacent,Lýðræðisvaktin,
31.01.2007,Capacent,Lýðræðisvaktin,
28.02.2007,Capacent,Lýðræðisvaktin,
31.03.2007,Capacent,Lýðræðisvaktin,
30.04.2007,Capacent,Lýðræðisvaktin,
31.05.2007,Capacent,Lýðræðisvaktin,
30.06.2007,Capacent,Lýðræðisvaktin,
31.07.2007,Capacent,Lýðræðisvaktin,
31.08.2007,Capacent,Lýðræðisvaktin,
30.09.2007,Capacent,Lýðræðisvaktin,
31.10.2007,Capacent,Lýðræðisvaktin,
30.11.2007,Capacent,Lýðræðisvaktin,
31.12.2007,Capacent,Lýðræðisvaktin,
31.01.2008,Capacent,Lýðræðisvaktin,
29.02.2008,Capacent,Lýðræðisvaktin,
31.03.2008,Capacent,Lýðræðisvaktin,
30.04.2008,Capacent,Lýðræðisvaktin,
31.05.2008,Capacent,Lýðræðisvaktin,
30.06.2008,Capacent,Lýðræðisvaktin,
31.07.2008,Capacent,Lýðræðisvaktin,
31.08.2008,Capacent,Lýðræðisvaktin,
30.09.2008,Capacent,Lýðræðisvaktin,
31.10.2008,Capacent,Lýðræðisvaktin,
30.11.2008,Capacent,Lýðræðisvaktin,
31.12.2008,Capacent,Lýðræðisvaktin,
31.01.2009,Capacent,Lýðræðisvaktin,
28.02.2009,Capacent,Lýðræðisvaktin,
31.03.2009,Capacent,Lýðræðisvaktin,
30.04.2009,Capacent,Lýðræðisvaktin,
31.05.2009,Capacent,Lýðræðisvaktin,
30.06.2009,Capacent,Lýðræðisvaktin,
31.07.2009,Capacent,Lýðræðisvaktin,
31.08.2009,Capacent,Lýðræðisvaktin,
30.09.2009,Capacent,Lýðræðisvaktin,
31.10.2009,Capacent,Lýðræðisvaktin,
30.11.2009,Capacent,Lýðræðisvaktin,
31.12.2009,Capacent,Lýðræðisvaktin,
31.01.2010,Capacent,Lýðræðisvaktin,
28.02.2010,Capacent,Lýðræðisvaktin,
31.03.2010,Capacent,Lýðræðisvaktin,
30.04.2010,Capacent,Lýðræðisvaktin,
31.05.2010,Capacent,Lýðræðisvaktin,
30.06.2010,Capacent,Lýðræðisvaktin,
31.07.2010,Capacent,Lýðræðisvaktin,
31.08.2010,Capacent,Lýðræðisvaktin,
30.09.2010,Capacent,Lýðræðisvaktin,
31.10.2010,Capacent,Lýðræðisvaktin,
30.11.2010,Capacent,Lýðræðisvaktin,
31.12.2010,Capacent,Lýðræðisvaktin,
31.01.2011,Capacent,Lýðræðisvaktin,
28.02.2011,Capacent,Lýðræðisvaktin,
31.03.2011,Capacent,Lýðræðisvaktin,
30.04.2011,Capacent,Lýðræðisvaktin,
31.05.2011,Capacent,Lýðræðisvaktin,
30.06.2011,Capacent,Lýðræðisvaktin,
31.07.2011,Capacent,Lýðræðisvaktin,
31.08.2011,Capacent,Lýðræðisvaktin,
30.09.2011,Capacent,Lýðræðisvaktin,
31.10.2011,Capacent,Lýðræðisvaktin,
30.11.2011,Capacent,Lýðræðisvaktin,
31.12.2011,Capacent,Lýðræðisvaktin,
31.01.2012,Capacent,Lýðræðisvaktin,
29.02.2012,Capacent,Lýðræðisvaktin,
31.03.2012,Capacent,Lýðræðisvaktin,
30.04.2012,Capacent,Lýðræðisvaktin,
31.05.2012,Capacent,Lýðræðisvaktin,
30.06.2012,Capacent,Lýðræðisvaktin,
31.07.2012,Capacent,Lýðræðisvaktin,
31.08.2012,Capacent,Lýðræðisvaktin,
30.09.2012,Capacent,Lýðræðisvaktin,
31.10.2012,Capacent,Lýðræðisvaktin,
30.11.2012,Capacent,Lýðræðisvaktin,
31.12.2012,Capacent,Lýðræðisvaktin,
31.01.2013,Capacent,Lýðræðisvaktin,
28.02.2013,Capacent,Lýðræðisvaktin,"0,9"
14.03.2013,Capacent,Lýðræðisvaktin,"3,3"
02.04.2013,Capacent,Lýðræðisvaktin,"3,1"
11.04.2013,Capacent,Lýðræðisvaktin,"3,7"
18.04.2013,Capacent,Lýðræðisvaktin,"2,6"
26.04.2013,Capacent,Lýðræðisvaktin,"2,8"
31.05.2013,Capacent,Lýðræðisvaktin,"1,9"
30.06.2013,Capacent,Lýðræðisvaktin,"1,4"
31.07.2013,Capacent,Lýðræðisvaktin,"1,4"
31.08.2013,Capacent,Lýðræðisvaktin,"1,7"
30.09.2013,Capacent,Lýðræðisvaktin,"1,6"
31.10.2013,Capacent,Lýðræðisvaktin,"1,7"
30.11.2013,Capacent,Lýðræðisvaktin,1
31.12.2013,Capacent,Lýðræðisvaktin,"1,2"
31.01.2014,Capacent,Lýðræðisvaktin,"0,7"
